<?xml version="1.0" encoding="UTF-8" ?>
<!DOCTYPE configuration
        PUBLIC "-//mybatis.org//DTD Config 3.0//EN"
        "http://mybatis.org/dtd/mybatis-3-config.dtd">
<configuration>
	<settings>
		<setting name="mapUnderscoreToCamelCase" value="true" />
		<setting name="logImpl" value="STDOUT_LOGGING" />
		<setting name="jdbcTypeForNull" value="NULL" /> 
	</settings>
	<plugins>
		<plugin interceptor="com.github.pagehelper.PageInterceptor">
			<property name="reasonable" value="true"/>
			<property name="supportMethodsArguments" value="true"/>
			<!-- <property name="dialect" value="oracle"/>-->
		</plugin>
	</plugins>
</configuration>