<?xml version="1.0" encoding="UTF-8"?>
<!DOCTYPE mapper
        PUBLIC "-//mybatis.org//DTD Mapper 3.0//EN"
        "http://mybatis.org/dtd/mybatis-3-mapper.dtd">
<mapper namespace="top.dustone.uams.dao.MenuMapper">
	<select id="listByExample" parameterType="Menu"
		resultType="Menu">
		SELECT * FROM my_menu
		<where>
			<if test="name!=null and name!=''">
				AND my_menu.name LIKE '%'|| #{name} ||'%'
			</if>
			<if test="url!=null and url!=''">
				AND my_menu.url LIKE '%'|| #{url} ||'%'
			</if>
			<if test="type!=0">
				AND my_menu.type = #{type}
			</if>
			AND my_menu.deleted!=1
		</where>
	</select>
	<select id="findById" parameterType="Menu" resultType="Menu">
		SELECT * FROM MY_MENU WHERE ID=#{id}
	</select>
	<select id="findMenuInfoByType" parameterType="Integer" resultType="top.dustone.uams.util.SimpleMenuInfo">
		SELECT ID,NAME,PARENT_ID FROM MY_MENU 
		<where>
			<if test="_parameter!=0">
				AND my_menu.type = #{0}
			</if>
			AND my_menu.deleted!=1
			AND my_menu.disabled!=1
		</where>
	</select>
	<select id="findMenuURLByRoleId" parameterType="Integer" resultType="String">
		SELECT MY_MENU.URL FROM MY_MENU 
		RIGHT JOIN MY_ROLE_MENU ON MY_MENU.ID=MY_ROLE_MENU.MENU_ID
		WHERE MY_ROLE_MENU.ROLE_ID=#{0}
		AND my_menu.deleted!=1
		AND my_menu.disabled!=1
	</select>
	<select id="findSimpleMenuByRoleId" parameterType="Integer" resultType="top.dustone.uams.util.SimpleMenuInfo">
		SELECT 
		MY_MENU.ID AS ID,
		MY_MENU.NAME AS NAME,
		MY_MENU.PIC AS PIC,
		MY_MENU.URL AS URL,
		MY_MENU.PARENT_ID AS PARENT_ID 
		FROM MY_MENU 
		RIGHT JOIN MY_ROLE_MENU ON MY_MENU.ID=MY_ROLE_MENU.MENU_ID
		WHERE MY_ROLE_MENU.ROLE_ID=#{0}
		AND my_menu.deleted!=1
		AND my_menu.disabled!=1
		AND MY_MENU.TYPE&lt;3
		ORDER BY MY_MENU.CODE ASC
	</select>
	<insert id="insert" parameterType="Menu">
		<selectKey resultType="int" order="BEFORE" keyProperty="id">
			SELECT MENU_ID_POOL.NEXTVAL AS id FROM DUAL
		</selectKey>
		INSERT INTO
		my_menu
		(id,name,type,parent_id,code,url,pic,operation,disabled,note,create_time,edit_time)
		VALUES
		(#{id},#{name,jdbcType=VARCHAR},
		#{type,jdbcType=INTEGER},
		#{parentId,jdbcType=INTEGER},
		#{code,jdbcType=INTEGER},
		#{url,jdbcType=VARCHAR},
		#{pic,jdbcType=VARCHAR},
		#{operation,jdbcType=VARCHAR},
		#{disabled,jdbcType=INTEGER},
		#{note,jdbcType=VARCHAR}, sysdate, sysdate)
	</insert>
	<update id="update" parameterType="Menu">
		UPDATE my_menu SET
		name=#{name,jdbcType=VARCHAR},
		parent_id=#{parentId,jdbcType=INTEGER},
		code=#{code,jdbcType=INTEGER},
		url=#{url,jdbcType=VARCHAR},
		pic=#{pic,jdbcType=VARCHAR},
		operation=#{operation,jdbcType=VARCHAR},
		disabled=#{disabled,jdbcType=INTEGER},
		note=#{note,jdbcType=VARCHAR},
		edit_time=sysdate
		WHERE
		my_menu.id=#{id}
	</update>
	<update id="logicDelete" parameterType="Menu">
		UPDATE my_menu SET
		deleted=1,
		edit_time=sysdate
		WHERE
		my_menu.id=#{id}
	</update>
</mapper>
