<?xml version="1.0" encoding="UTF-8"?>
<!DOCTYPE mapper
        PUBLIC "-//mybatis.org//DTD Mapper 3.0//EN"
        "http://mybatis.org/dtd/mybatis-3-mapper.dtd">
<mapper namespace="top.dustone.uams.dao.RoleMapper">
	<resultMap type="Role" id="simpleRoleInfo">
		<id column="id" property="id" />
		<result column="name" property="name" />
	</resultMap>

	<select id="listByExample" parameterType="Role"
		resultType="Role">
		SELECT * FROM my_role
		<where>
			<if test="name!=null and name!=''">
				AND my_role.name LIKE '%'|| #{name} ||'%'
			</if>
			AND my_role.deleted!=1
		</where>
	</select>
	<select id="findById" parameterType="Role" resultType="Role">
		SELECT *
		FROM MY_ROLE WHERE ID=#{id}
	</select>
	<select id="findRoleMenus" parameterType="Integer"
		resultType="Integer">
		SELECT MENU_ID FROM MY_ROLE_MENU WHERE ROLE_ID=#{0}
	</select>
	<select id="findRolesByUserId" parameterType="Integer"
		resultMap="simpleRoleInfo">
		SELECT MY_ROLE.ID AS ID,MY_ROLE.NAME AS NAME
		FROM MY_ROLE INNER JOIN
		MY_USER_ROLE ON MY_USER_ROLE.ROLE_ID=MY_ROLE.ID 
		WHERE MY_USER_ROLE.USER_ID=#{0}
		AND my_role.deleted!=1
		AND my_role.disabled!=1
	</select>
	<select id="findSimpleRole" resultMap="simpleRoleInfo">
		SELECT MY_ROLE.ID AS ID,MY_ROLE.NAME AS NAME FROM MY_ROLE
		where my_role.deleted!=1
		AND my_role.disabled!=1
	</select>

	<insert id="insert" parameterType="Role">
		<selectKey resultType="int" order="BEFORE" keyProperty="id">
			SELECT ROLE_ID_POOL.NEXTVAL AS id FROM DUAL
		</selectKey>
		INSERT INTO
		my_role
		(id,name,disabled,note,create_time,edit_time)
		VALUES
		(#{id},#{name,jdbcType=VARCHAR},
		#{disabled,jdbcType=INTEGER},
		#{note,jdbcType=VARCHAR}, sysdate, sysdate)
	</insert>
	<insert id="insertRoleMenus" parameterType="java.util.Map">
		INSERT INTO MY_ROLE_MENU
		(ID,ROLE_ID,MENU_ID)
		SELECT
		ROLE_MENU_ID_POOL.NEXTVAL,A.* FROM(
		<foreach collection="list" item="item" index="index"
			separator="UNION ALL">
			SELECT
			#{rId,jdbcType=INTEGER},
			#{item,jdbcType=INTEGER}
			FROM
			DUAL
		</foreach>
		) A
	</insert>
	<update id="update" parameterType="Role">
		UPDATE my_role SET
		name=#{name,jdbcType=VARCHAR},
		disabled=#{disabled,jdbcType=INTEGER},
		note=#{note,jdbcType=VARCHAR},
		edit_time=sysdate
		WHERE
		my_role.id=#{id}
	</update>
	<update id="logicDelete" parameterType="Role">
		UPDATE my_role SET
		deleted=1,
		edit_time=sysdate
		WHERE
		my_role.id=#{id}
	</update>
	<delete id="deleteRoleMenus" parameterType="java.util.Map">
		DELETE FROM MY_ROLE_MENU
		<where>
			<foreach collection="list" index="index" item="item" open="("
				separator="or" close=")">
				(ROLE_ID=#{rId} AND MENU_ID=#{item})
			</foreach>
		</where>
	</delete>
</mapper>
