<?xml version="1.0" encoding="UTF-8"?>
<!DOCTYPE mapper
        PUBLIC "-//mybatis.org//DTD Mapper 3.0//EN"
        "http://mybatis.org/dtd/mybatis-3-mapper.dtd">
<mapper namespace="top.dustone.uams.dao.UserMapper">
	<resultMap type="top.dustone.uams.pojo.UserRoles" id="userRoles">
		<id column="user_id" property="userId"/>
		<result column="account_number" property="accountNumber"/>
		<result column="user_name" property="userName"/>
		<collection property="roles" column="user_id" 
		select="top.dustone.uams.dao.RoleMapper.findRolesByUserId"/>
	</resultMap>
	<select id="listByExample" parameterType="User"
		resultType="User">
		SELECT * FROM my_user
		<where>
			<if test="name!=null and name!=''">
				AND my_user.name LIKE '%'|| #{name} ||'%'
			</if>
			<if test="accountNumber!=null and accountNumber!=''">
				AND my_user.account_number LIKE '%'|| #{accountNumber}
			</if>
			<if test="phone!=null and phone!=''">
				AND my_user.phone LIKE '%'|| #{phone} ||'%'
			</if>
			<if test="mail!=null and mail!=''">
				AND my_user.mail LIKE '%'|| #{mail} ||'%'
			</if>
			AND my_user.deleted!=1
		</where>
	</select>
	<select id="listUsersWithRoles" parameterType="top.dustone.uams.pojo.UserRoles" resultMap="userRoles">
		SELECT MY_USER.ID AS USER_ID,MY_USER.ACCOUNT_NUMBER AS ACCOUNT_NUMBER,
		MY_USER.NAME AS USER_NAME FROM my_user
		<where>
			<if test="userName!=null and userName!=''">
				AND my_user.name LIKE '%'|| #{userName} ||'%'
			</if>
			<if test="accountNumber!=null and accountNumber!=''">
				AND my_user.account_number LIKE #{accountNumber} || '%'
			</if>
			AND my_user.deleted!=1
			AND my_user.disabled!=1
		</where>
	</select>
	<select id="findById" parameterType="User" resultType="User">
		SELECT * FROM MY_USER WHERE ID=#{id}
	</select>
	<select id="findUserByAccountNumber" parameterType="String" resultType="User">
		SELECT * FROM MY_USER WHERE ACCOUNT_NUMBER=#{0} AND my_user.deleted!=1 AND my_user.disabled!=1
	</select>
	<select id="findUserRoles" parameterType="Integer"
		resultType="Integer">
		SELECT ROLE_ID FROM MY_USER_ROLE WHERE USER_ID=#{0}
	</select>
	
	<insert id="insert" parameterType="User">
		<selectKey resultType="int" order="BEFORE" keyProperty="id">
			SELECT USER_ID_POOL.NEXTVAL AS id FROM DUAL
		</selectKey>
		INSERT INTO
		my_user
		(id,account_number, password, name, sex, phone,
		mail,disabled,note,create_time,edit_time)
		VALUES
		(#{id},#{accountNumber,jdbcType=VARCHAR},
		#{password,jdbcType=VARCHAR}, #{name,jdbcType=VARCHAR},
		#{sex,jdbcType=VARCHAR}, #{phone,jdbcType=VARCHAR},
		#{mail,jdbcType=VARCHAR},
		#{disabled,jdbcType=INTEGER},
		#{note,jdbcType=VARCHAR}, sysdate, sysdate)
	</insert>
	<insert id="insertUserRoles" parameterType="java.util.Map">
		INSERT INTO MY_USER_ROLE
		(ID,USER_ID,ROLE_ID)
		SELECT
		USER_ROLE_ID_POOL.NEXTVAL,A.* FROM(
		<foreach collection="list" item="item" index="index"
			separator="UNION ALL">
			SELECT
			#{uId,jdbcType=INTEGER},
			#{item,jdbcType=INTEGER}
			FROM
			DUAL
		</foreach>
		) A
	</insert>
	<update id="update" parameterType="User">
		UPDATE my_user SET
		password=#{password,jdbcType=VARCHAR},
		name=#{name,jdbcType=VARCHAR},
		sex=#{sex,jdbcType=VARCHAR},
		phone=#{phone,jdbcType=VARCHAR},
		mail=#{mail,jdbcType=VARCHAR},
		disabled=#{disabled,jdbcType=INTEGER},
		note=#{note,jdbcType=VARCHAR},
		edit_time=sysdate
		WHERE
		my_user.id=#{id}
	</update>
	<update id="logicDelete" parameterType="User">
		UPDATE my_user SET
		deleted=1,
		edit_time=sysdate
		WHERE
		my_user.id=#{id}
	</update>
	<delete id="deleteUserRoles" parameterType="java.util.Map">
		DELETE FROM MY_USER_ROLE
		<where>
			<foreach collection="list" index="index" item="item" open="("
				separator="or" close=")">
				(USER_ID=#{uId} AND ROLE_ID=#{item})
			</foreach>
		</where>
	</delete>
</mapper>
