[
	{
		"id":1,
		"name":"测试菜单",
		"type":1,
		"disabled":0,
		"parentId":"",
		"note":"测试菜单  测试数据",
		"code":"10002910",
		"url":"baidu",
		"operation":"delete"
	},
	{
		"id":2,
		"name":"测试菜单",
		"type":2,
		"disabled":0,
		"parentId":"1",
		"note":"测试菜单  测试数据",
		"code":"10002910",
		"url":"baidu",
		"operation":"delete"
	},
	{
		"id":3,
		"name":"测试菜单",
		"type":2,
		"disabled":0,
		"parentId":"1",
		"note":"测试菜单  测试数据",
		"code":"10002910",
		"url":"baidu",
		"operation":"delete"
	},
	{
		"id":4,
		"name":"测试菜单",
		"type":3,
		"disabled":0,
		"parentId":"2",
		"note":"测试菜单  测试数据",
		"code":"10002910",
		"url":"baidu",
		"operation":"delete"
	}
]