[{
	"id": 1,
	"name": "广东",
	"parentId": "",
	"childs": [{
			"id": 2,
			"name": "广州",
			"parentId": 1,
			"childs": [{
					"id": 3,
					"name": "天河",
					"parentId": 2,
					"childs": []
				},
				{
					"id": 4,
					"name": "黄埔",
					"parentId": 2,
					"childs": []
				},
				{
					"id": 8,
					"name": "花都",
					"parentId": 2,
					"childs": []
				},{
					"id": 9,
					"name": "白云",
					"parentId": 2,
					"childs": []
				},{
					"id": 10,
					"name": "从化",
					"parentId": 2,
					"childs": []
				},{
					"id": 11,
					"name": "海珠",
					"parentId": 2,
					"childs": []
				},{
					"id": 12,
					"name": "南沙",
					"parentId": 2,
					"childs": []
				},{
					"id": 13,
					"name": "越秀",
					"parentId": 2,
					"childs": []
				},{
					"id": 14,
					"name": "增城",
					"parentId": 2,
					"childs": []
				}
			]
		},
		{
			"id": 5,
			"name": "深圳",
			"parentId": 1,
			"childs": [{
					"id": 6,
					"name": "龙华",
					"parentId": 5,
					"childs": []
				},
				{
					"id": 7,
					"name": "南山",
					"parentId": 5,
					"childs": []
				}

			]
		}
	]
}]