[{
		"id": 1,
		"accountNumber": "st1919",
		"password": "",
		"name": "陈岩",
		"sex": "男",
		"note": "测试数据  测试数据",
		"phone": "123423232323",
		"mail": "13048062053@163.com",
		"roleName": "超级管理员",
		"disabled": 0,
		"createTime": "2019-3-3",
		"editTime": "2019-3-3"
	},
	{
		"id": 1,
		"accountNumber": "st1919",
		"password": "",
		"name": "陈岩",
		"sex": "男",
		"note": "测试数据  测试数据",
		"phone": "123423232323",
		"mail": "13048062053@163.com",
		"roleName": "超级管理员",
		"disabled": 0,
		"createTime": "2019-3-3",
		"editTime": "2019-3-3"
	}, {
		"id": 1,
		"accountNumber": "st1919",
		"password": "",
		"name": "陈岩",
		"sex": "男",
		"note": "测试数据  测试数据",
		"phone": "123423232323",
		"mail": "13048062053@163.com",
		"roleName": "超级管理员",
		"disabled": 0,
		"createTime": "2019-3-3",
		"editTime": "2019-3-3"
	}, {
		"id": 1,
		"accountNumber": "st1919",
		"password": "",
		"name": "陈岩",
		"sex": "男",
		"note": "测试数据  测试数据",
		"phone": "123423232323",
		"mail": "13048062053@163.com",
		"roleName": "超级管理员",
		"disabled": 0,
		"createTime": "2019-3-3",
		"editTime": "2019-3-3"
	}
]
